{
    "name": "root",
    "metadata": {
        "timer_format_version": "0.1.0",
        "start_time_seconds": "1678516098",
        "python_version": "3.9.13 (tags/v3.9.13:6de2ca5, May 17 2022, 16:36:42) [MSC v.1929 64 bit (AMD64)]",
        "command_line_arguments": "C:\\Users\\jiawe\\OneDrive\\Documents\\GitHub\\Open-Source-Minecraft-like-Simulation-Environment-for-AI\\Environment\\venv\\Scripts\\mlagents-learn config/AI.yaml.txt --force --time-scale=5",
        "mlagents_version": "0.30.0",
        "mlagents_envs_version": "0.30.0",
        "communication_protocol_version": "1.5.0",
        "pytorch_version": "1.13.1+cpu",
        "numpy_version": "1.21.2",
        "end_time_seconds": "1678516315"
    },
    "total": 216.483795,
    "count": 1,
    "self": 0.0050023999999950775,
    "children": {
        "run_training.setup": {
            "total": 0.08006140000000017,
            "count": 1,
            "self": 0.08006140000000017
        },
        "TrainerController.start_learning": {
            "total": 216.3987312,
            "count": 1,
            "self": 0.004585000000020045,
            "children": {
                "TrainerController._reset_env": {
                    "total": 5.1273048,
                    "count": 1,
                    "self": 5.1273048
                },
                "TrainerController.advance": {
                    "total": 211.19170469999997,
                    "count": 240,
                    "self": 0.0033334999998260173,
                    "children": {
                        "env_step": {
                            "total": 211.1652887000002,
                            "count": 240,
                            "self": 210.95335070000007,
                            "children": {
                                "SubprocessEnvManager._take_step": {
                                    "total": 0.20954670000005304,
                                    "count": 240,
                                    "self": 0.009079000000216553,
                                    "children": {
                                        "TorchPolicy.evaluate": {
                                            "total": 0.2004676999998365,
                                            "count": 237,
                                            "self": 0.2004676999998365
                                        }
                                    }
                                },
                                "workers": {
                                    "total": 0.002391300000065044,
                                    "count": 239,
                                    "self": 0.0,
                                    "children": {
                                        "worker_root": {
                                            "total": 147.89740070000013,
                                            "count": 239,
                                            "is_parallel": true,
                                            "self": 0.44580880000020784,
                                            "children": {
                                                "steps_from_proto": {
                                                    "total": 0.00033909999999970353,
                                                    "count": 1,
                                                    "is_parallel": true,
                                                    "self": 0.00016769999999954877,
                                                    "children": {
                                                        "_process_rank_one_or_two_observation": {
                                                            "total": 0.00017140000000015476,
                                                            "count": 2,
                                                            "is_parallel": true,
                                                            "self": 0.00017140000000015476
                                                        }
                                                    }
                                                },
                                                "UnityEnvironment.step": {
                                                    "total": 147.45125279999993,
                                                    "count": 239,
                                                    "is_parallel": true,
                                                    "self": 0.019189299999766263,
                                                    "children": {
                                                        "UnityEnvironment._generate_step_input": {
                                                            "total": 0.011436800000002023,
                                                            "count": 239,
                                                            "is_parallel": true,
                                                            "self": 0.011436800000002023
                                                        },
                                                        "communicator.exchange": {
                                                            "total": 147.36163850000005,
                                                            "count": 239,
                                                            "is_parallel": true,
                                                            "self": 147.36163850000005
                                                        },
                                                        "steps_from_proto": {
                                                            "total": 0.05898820000008875,
                                                            "count": 239,
                                                            "is_parallel": true,
                                                            "self": 0.03090510000029223,
                                                            "children": {
                                                                "_process_rank_one_or_two_observation": {
                                                                    "total": 0.028083099999796524,
                                                                    "count": 478,
                                                                    "is_parallel": true,
                                                                    "self": 0.028083099999796524
                                                                }
                                                            }
                                                        }
                                                    }
                                                }
                                            }
                                        }
                                    }
                                }
                            }
                        },
                        "trainer_advance": {
                            "total": 0.023082499999951267,
                            "count": 239,
                            "self": 0.0053437999998049435,
                            "children": {
                                "process_trajectory": {
                                    "total": 0.017738700000146324,
                                    "count": 239,
                                    "self": 0.017738700000146324
                                }
                            }
                        }
                    }
                },
                "TrainerController._save_models": {
                    "total": 0.07513670000000161,
                    "count": 1,
                    "self": 0.006188499999979058,
                    "children": {
                        "RLTrainer._checkpoint": {
                            "total": 0.06894820000002255,
                            "count": 1,