{
    "name": "root",
    "metadata": {
        "timer_format_version": "0.1.0",
        "start_time_seconds": "1676782760",
        "python_version": "3.9.13 (tags/v3.9.13:6de2ca5, May 17 2022, 16:36:42) [MSC v.1929 64 bit (AMD64)]",
        "command_line_arguments": "C:\\Users\\jiawe\\OneDrive\\Documents\\GitHub\\Open-Source-Minecraft-like-Simulation-Environment-for-AI\\Environment\\venv\\Scripts\\mlagents-learn config\\AI.yaml.txt --force --time-scale=1",
        "mlagents_version": "0.30.0",
        "mlagents_envs_version": "0.30.0",
        "communication_protocol_version": "1.5.0",
        "pytorch_version": "1.13.1+cpu",
        "numpy_version": "1.21.2",
        "end_time_seconds": "1676783014"
    },
    "total": 254.0314597,
    "count": 1,
    "self": 0.005474899999995841,
    "children": {
        "run_training.setup": {
            "total": 0.08068269999999989,
            "count": 1,
            "self": 0.08068269999999989
        },
        "TrainerController.start_learning": {
            "total": 253.9453021,
            "count": 1,
            "self": 0.01037080000000401,
            "children": {
                "TrainerController._reset_env": {
                    "total": 8.1704428,
                    "count": 1,
                    "self": 8.1704428
                },
                "TrainerController.advance": {
                    "total": 245.67930289999998,
                    "count": 500,
                    "self": 0.007811299999787025,
                    "children": {
                        "env_step": {
                            "total": 245.25617260000033,
                            "count": 500,
                            "self": 244.76962990000035,
                            "children": {
                                "SubprocessEnvManager._take_step": {
                                    "total": 0.4808841999997906,
                                    "count": 501,
                                    "self": 0.021497699999825315,
                                    "children": {
                                        "TorchPolicy.evaluate": {
                                            "total": 0.4593864999999653,
                                            "count": 501,
                                            "self": 0.4593864999999653
                                        }
                                    }
                                },
                                "workers": {
                                    "total": 0.005658500000171429,
                                    "count": 499,
                                    "self": 0.0,
                                    "children": {
                                        "worker_root": {
                                            "total": 219.25415579999998,
                                            "count": 499,
                                            "is_parallel": true,
                                            "self": 1.3679083999998625,
                                            "children": {
                                                "steps_from_proto": {
                                                    "total": 0.0009958000000001022,
                                                    "count": 2,
                                                    "is_parallel": true,
                                                    "self": 0.0005319000000003626,
                                                    "children": {
                                                        "_process_rank_one_or_two_observation": {
                                                            "total": 0.0004638999999997395,
                                                            "count": 4,
                                                            "is_parallel": true,
                                                            "self": 0.0004638999999997395
                                                        }
                                                    }
                                                },
                                                "UnityEnvironment.step": {
                                                    "total": 217.88525160000012,
                                                    "count": 499,
                                                    "is_parallel": true,
                                                    "self": 0.03915940000013052,
                                                    "children": {
                                                        "UnityEnvironment._generate_step_input": {
                                                            "total": 0.02568680000015,
                                                            "count": 499,
                                                            "is_parallel": true,
                                                            "self": 0.02568680000015
                                                        },
                                                        "communicator.exchange": {
                                                            "total": 217.69215089999977,
                                                            "count": 499,
                                                            "is_parallel": true,
                                                            "self": 217.69215089999977
                                                        },
                                                        "steps_from_proto": {
                                                            "total": 0.12825450000006633,
                                                            "count": 499,
                                                            "is_parallel": true,
                                                            "self": 0.06727499999991515,
                                                            "children": {
                                                                "_process_rank_one_or_two_observation": {
                                                                    "total": 0.06097950000015118,
                                                                    "count": 998,
                                                                    "is_parallel": true,
                                                                    "self": 0.06097950000015118
                                                                }
                                                            }
                                                        }
                                                    }
                                                }
                                            }
                                        }
                                    }
                                }
                            }
                        },
                        "trainer_advance": {
                            "total": 0.41531899999986877,
                            "count": 499,
                            "self": 0.011930099999933219,
                            "children": {
                                "process_trajectory": {
                                    "total": 0.025159299999909734,
                                    "count": 499,
                                    "self": 0.025159299999909734
                                },
                                "_update_policy": {
                                    "total": 0.3782296000000258,
                                    "count": 3,
                                    "self": 0.05271539999998254,
                                    "children": {
                                        "TorchPPOOptimizer.update": {
                                            "total": 0.3255142000000433,
                                            "count": 108,