{
    "name": "root",
    "metadata": {
        "timer_format_version": "0.1.0",
        "start_time_seconds": "1678482413",
        "python_version": "3.9.13 (tags/v3.9.13:6de2ca5, May 17 2022, 16:36:42) [MSC v.1929 64 bit (AMD64)]",
        "command_line_arguments": "C:\\Users\\jiawe\\OneDrive\\Documents\\GitHub\\Open-Source-Minecraft-like-Simulation-Environment-for-AI\\Environment\\venv\\Scripts\\mlagents-learn --force",
        "mlagents_version": "0.30.0",
        "mlagents_envs_version": "0.30.0",
        "communication_protocol_version": "1.5.0",
        "pytorch_version": "1.13.1+cpu",
        "numpy_version": "1.21.2",
        "end_time_seconds": "1678482499"
    },
    "total": 86.0030137,
    "count": 1,
    "self": 0.005307099999996012,
    "children": {
        "run_training.setup": {
            "total": 0.09550049999999999,
            "count": 1,
            "self": 0.09550049999999999
        },
        "TrainerController.start_learning": {
            "total": 85.9022061,
            "count": 1,
            "self": 0.0012922000000230582,
            "children": {
                "TrainerController._reset_env": {
                    "total": 2.9066574999999997,
                    "count": 1,
                    "self": 2.9066574999999997
                },
                "TrainerController.advance": {
                    "total": 82.85212449999997,
                    "count": 49,
                    "self": 0.000620999999966898,
                    "children": {
                        "env_step": {
                            "total": 82.8246116,
                            "count": 49,
                            "self": 82.75476889999999,
                            "children": {
                                "SubprocessEnvManager._take_step": {
                                    "total": 0.06940790000000607,
                                    "count": 49,
                                    "self": 0.0010900000000066967,
                                    "children": {
                                        "TorchPolicy.evaluate": {
                                            "total": 0.06831789999999938,
                                            "count": 25,
                                            "self": 0.06831789999999938
                                        }
                                    }
                                },
                                "workers": {
                                    "total": 0.0004348000000096164,
                                    "count": 48,
                                    "self": 0.0,
                                    "children": {
                                        "worker_root": {
                                            "total": 41.6339529,
                                            "count": 48,
                                            "is_parallel": true,
                                            "self": 0.18618479999999948,
                                            "children": {
                                                "steps_from_proto": {
                                                    "total": 0.00039159999999993644,
                                                    "count": 1,
                                                    "is_parallel": true,
                                                    "self": 0.0001785999999999177,
                                                    "children": {
                                                        "_process_rank_one_or_two_observation": {
                                                            "total": 0.00021300000000001873,
                                                            "count": 2,
                                                            "is_parallel": true,
                                                            "self": 0.00021300000000001873
                                                        }
                                                    }
                                                },
                                                "UnityEnvironment.step": {
                                                    "total": 41.4473765,
                                                    "count": 48,
                                                    "is_parallel": true,
                                                    "self": 0.0036544000000233723,
                                                    "children": {
                                                        "UnityEnvironment._generate_step_input": {
                                                            "total": 0.0016083999999945142,
                                                            "count": 48,
                                                            "is_parallel": true,
                                                            "self": 0.0016083999999945142
                                                        },
                                                        "communicator.exchange": {
                                                            "total": 41.43208399999998,
                                                            "count": 48,
                                                            "is_parallel": true,
                                                            "self": 41.43208399999998
                                                        },
                                                        "steps_from_proto": {
                                                            "total": 0.010029699999995145,
                                                            "count": 48,
                                                            "is_parallel": true,
                                                            "self": 0.004742699999946254,
                                                            "children": {
                                                                "_process_rank_one_or_two_observation": {
                                                                    "total": 0.0052870000000488915,
                                                                    "count": 96,
                                                                    "is_parallel": true,
                                                                    "self": 0.0052870000000488915
                                                                }
                                                            }
                                                        }
                                                    }
                                                }
                                            }
                                        }
                                    }
                                }
                            }
                        },
                        "trainer_advance": {
                            "total": 0.02689190000001318,
                            "count": 48,
                            "self": 0.0007042000000172521,
                            "children": {
                                "process_trajectory": {
                                    "total": 0.026187699999995928,
                                    "count": 48,
                                    "self": 0.026187699999995928
                                }
                            }
                        }
                    }
                },
                "trainer_threads": {
                    "total": 7.000000010748408e-07,
                    "count": 1,
                    "self": 7.000000010748408e-07
                },
                "TrainerController._save_models": {
                    "total": 0.14213120000000856,
                    "count": 1,
                    "self": 0.005671700000007718,