{
    "name": "root",
    "metadata": {
        "timer_format_version": "0.1.0",
        "start_time_seconds": "1677107640",
        "python_version": "3.9.13 (main, Aug 11 2022, 14:04:47) \n[Clang 13.0.0 (clang-1300.0.29.30)]",
        "command_line_arguments": "/usr/local/bin/mlagents-learn --force --time-scale=1",
        "mlagents_version": "0.30.0",
        "mlagents_envs_version": "0.30.0",
        "communication_protocol_version": "1.5.0",
        "pytorch_version": "1.11.0",
        "numpy_version": "1.21.2",
        "end_time_seconds": "1677107678"
    },
    "total": 38.158628207999996,
    "count": 1,
    "self": 10.005063290999999,
    "children": {
        "run_training.setup": {
            "total": 0.019957917000000047,
            "count": 1,
            "self": 0.019957917000000047
        },
        "TrainerController.start_learning": {
            "total": 28.133606999999998,
            "count": 1,
            "self": 0.0019803769999953147,
            "children": {
                "TrainerController._reset_env": {
                    "total": 3.155797625,
                    "count": 1,
                    "self": 3.155797625
                },
                "TrainerController.advance": {
                    "total": 24.921515957000004,
                    "count": 125,
                    "self": 0.0018210809999956723,
                    "children": {
                        "env_step": {
                            "total": 24.914010499,
                            "count": 125,
                            "self": 24.816458423000007,
                            "children": {
                                "SubprocessEnvManager._take_step": {
                                    "total": 0.09621137500000065,
                                    "count": 126,
                                    "self": 0.004277489999992223,
                                    "children": {
                                        "TorchPolicy.evaluate": {
                                            "total": 0.09193388500000843,
                                            "count": 126,
                                            "self": 0.09193388500000843
                                        }
                                    }
                                },
                                "workers": {
                                    "total": 0.0013407009999930608,
                                    "count": 124,
                                    "self": 0.0,
                                    "children": {
                                        "worker_root": {
                                            "total": 19.206767832,
                                            "count": 124,
                                            "is_parallel": true,
                                            "self": 0.21716250100000067,
                                            "children": {
                                                "steps_from_proto": {
                                                    "total": 0.002558749999999943,
                                                    "count": 2,
                                                    "is_parallel": true,
                                                    "self": 0.001581042000000199,
                                                    "children": {
                                                        "_process_rank_one_or_two_observation": {
                                                            "total": 0.000977707999999744,
                                                            "count": 4,
                                                            "is_parallel": true,
                                                            "self": 0.000977707999999744
                                                        }
                                                    }
                                                },
                                                "UnityEnvironment.step": {
                                                    "total": 18.987046581,
                                                    "count": 124,
                                                    "is_parallel": true,
                                                    "self": 0.008143190999980732,
                                                    "children": {
                                                        "UnityEnvironment._generate_step_input": {
                                                            "total": 0.005919218000006055,
                                                            "count": 124,
                                                            "is_parallel": true,
                                                            "self": 0.005919218000006055
                                                        },
                                                        "communicator.exchange": {
                                                            "total": 18.945515460000003,
                                                            "count": 124,
                                                            "is_parallel": true,
                                                            "self": 18.945515460000003
                                                        },
                                                        "steps_from_proto": {
                                                            "total": 0.02746871200001344,
                                                            "count": 124,
                                                            "is_parallel": true,
                                                            "self": 0.014543635999991977,
                                                            "children": {
                                                                "_process_rank_one_or_two_observation": {
                                                                    "total": 0.012925076000021463,
                                                                    "count": 248,
                                                                    "is_parallel": true,
                                                                    "self": 0.012925076000021463
                                                                }
                                                            }
                                                        }
                                                    }
                                                }
                                            }
                                        }
                                    }
                                }
                            }
                        },
                        "trainer_advance": {
                            "total": 0.005684377000008567,
                            "count": 124,
                            "self": 0.0018762480000242832,
                            "children": {
                                "process_trajectory": {
                                    "total": 0.0038081289999842838,
                                    "count": 124,
                                    "self": 0.0038081289999842838
                                }
                            }
                        }
                    }
                },
                "trainer_threads": {
                    "total": 6.660000018143819e-07,
                    "count": 1,
                    "self": 6.660000018143819e-07
                },
                "TrainerController._save_models": {
                    "total": 0.054312374999998525,
                    "count": 1,
                    "self": 0.0003146670000013785,
                    "children": {
                        "RLTrainer._checkpoint": {
                            "total": 0.05399770799999715,